date,store_id,sku_id,category,subcategory,supplier_id,sales_qty,sales_revenue,unit_cost,unit_price,margin,inventory_level,stockout_flag,returns_qty,lead_time_days,delivery_reliability,order_qty,backorder_qty,procurement_cost,promo_flag,discount_percent,holiday_flag,season_label,weather_index,competitor_price_index,shelf_life_days,obsolescence_risk,criticality_score,co2_footprint_per_unit,recyclability_score,supplier_emission_rating,sales_frequency,avg_sales_value,sales_volatility,avg_lead_time,days_since_last_sale,rolling_avg_4w,rolling_std_4w
2024-01-07,S001,SKU001,Beverages,Premium,SUP03,119,297.5,2.09,2.5,0.16,479,0,4,4,87.71,90,13,121.22,0,0,0,Autumn,0.22,1.04,309,0.64,1,0.063,63,2,1,2.5,0.45,4,24,131.58,12.3
2024-01-14,S001,SKU001,Beverages,Premium,SUP03,131,327.5,2.09,2.5,0.16,581,0,3,4,87.71,74,11,121.22,1,20,0,Winter,0.96,0.93,309,0.64,1,0.063,63,2,1,2.5,0.27,4,12,116.33,5.43
2024-01-21,S001,SKU001,Beverages,Premium,SUP03,132,330.0,2.09,2.5,0.16,388,0,6,4,87.71,191,9,121.22,1,20,0,Autumn,0.54,1.19,309,0.64,1,0.063,63,2,4,2.5,0.34,4,2,87.99,12.84
2024-01-28,S001,SKU001,Beverages,Premium,SUP03,161,402.5,2.09,2.5,0.16,404,0,3,4,87.71,109,3,121.22,1,10,0,Summer,0.66,1.11,309,0.64,1,0.063,63,2,1,2.5,0.46,4,27,116.45,6.34
2024-02-04,S001,SKU001,Beverages,Premium,SUP03,178,445.0,2.09,2.5,0.16,206,0,8,4,87.71,68,19,121.22,1,20,1,Spring,0.16,0.94,309,0.64,1,0.063,63,2,3,2.5,0.18,4,22,97.69,9.1
2024-02-11,S001,SKU001,Beverages,Premium,SUP03,40,100.0,2.09,2.5,0.16,392,0,4,4,87.71,133,1,121.22,0,0,0,Winter,0.46,0.91,309,0.64,1,0.063,63,2,2,2.5,0.42,4,21,86.46,11.84
2024-02-18,S001,SKU001,Beverages,Premium,SUP03,141,352.5,2.09,2.5,0.16,639,0,3,4,87.71,177,12,121.22,0,0,0,Spring,0.4,0.83,309,0.64,1,0.063,63,2,3,2.5,0.45,4,6,69.84,13.3
2024-02-25,S001,SKU001,Beverages,Premium,SUP03,162,405.0,2.09,2.5,0.16,438,0,6,4,87.71,199,13,121.22,1,10,1,Winter,0.25,1.02,309,0.64,1,0.063,63,2,3,2.5,0.4,4,23,129.91,11.01
2024-03-03,S001,SKU001,Beverages,Premium,SUP03,284,710.0,2.09,2.5,0.16,361,0,2,4,87.71,78,4,121.22,1,20,0,Winter,0.51,0.84,309,0.64,1,0.063,63,2,1,2.5,0.11,4,27,71.62,13.13
2024-03-10,S001,SKU001,Beverages,Premium,SUP03,156,390.0,2.09,2.5,0.16,502,0,4,4,87.71,114,17,121.22,0,0,1,Summer,0.38,1.04,309,0.64,1,0.063,63,2,4,2.5,0.22,4,16,110.03,13.47
2024-03-17,S001,SKU001,Beverages,Premium,SUP03,110,275.0,2.09,2.5,0.16,547,0,6,4,87.71,90,14,121.22,0,0,0,Spring,0.77,0.94,309,0.64,1,0.063,63,2,3,2.5,0.19,4,13,125.47,9.12
2024-03-24,S001,SKU001,Beverages,Premium,SUP03,13,32.5,2.09,2.5,0.16,551,0,4,4,87.71,179,19,121.22,0,0,1,Winter,0.51,0.84,309,0.64,1,0.063,63,2,3,2.5,0.31,4,26,81.14,14.21
2024-01-07,S001,SKU002,Snacks,Premium,SUP03,99,798.93,5.46,8.07,0.32,248,0,2,8,84.66,186,4,425.88,0,0,0,Summer,0.09,0.99,336,0.83,5,0.468,69,2,1,8.07,0.34,8,24,86.82,10.01
2024-01-14,S001,SKU002,Snacks,Premium,SUP03,139,1121.73,5.46,8.07,0.32,461,0,4,8,84.66,104,17,425.88,0,0,1,Winter,0.27,1.15,336,0.83,5,0.468,69,2,4,8.07,0.37,8,30,84.49,12.32
2024-01-21,S001,SKU002,Snacks,Premium,SUP03,87,702.09,5.46,8.07,0.32,707,0,5,8,84.66,182,14,425.88,0,0,1,Autumn,1.0,1.06,336,0.83,5,0.468,69,2,4,8.07,0.17,8,28,101.99,8.49
2024-01-28,S001,SKU002,Snacks,Premium,SUP03,37,298.59,5.46,8.07,0.32,510,0,5,8,84.66,106,0,425.88,0,0,0,Winter,0.06,0.81,336,0.83,5,0.468,69,2,2,8.07,0.24,8,18,92.87,11.67
2024-02-04,S001,SKU002,Snacks,Premium,SUP03,141,1137.87,5.46,8.07,0.32,578,0,3,8,84.66,181,7,425.88,0,0,0,Winter,0.07,0.81,336,0.83,5,0.468,69,2,3,8.07,0.46,8,2,105.2,12.35
2024-02-11,S001,SKU002,Snacks,Premium,SUP03,100,807.0,5.46,8.07,0.32,301,0,6,8,84.66,171,13,425.88,1,30,0,Winter,0.72,1.15,336,0.83,5,0.468,69,2,4,8.07,0.46,8,7,105.86,7.86
2024-02-18,S001,SKU002,Snacks,Premium,SUP03,174,1404.18,5.46,8.07,0.32,571,0,5,8,84.66,63,20,425.88,0,0,0,Summer,0.66,0.94,336,0.83,5,0.468,69,2,4,8.07,0.36,8,14,108.49,12.82
2024-02-25,S001,SKU002,Snacks,Premium,SUP03,65,524.55,5.46,8.07,0.32,521,0,6,8,84.66,99,6,425.88,0,0,0,Autumn,0.73,1.12,336,0.83,5,0.468,69,2,1,8.07,0.42,8,7,154.69,10.28
2024-03-03,S001,SKU002,Snacks,Premium,SUP03,113,911.91,5.46,8.07,0.32,494,0,2,8,84.66,190,3,425.88,1,10,1,Winter,0.28,0.9,336,0.83,5,0.468,69,2,1,8.07,0.36,8,14,97.52,12.22
2024-03-10,S001,SKU002,Snacks,Premium,SUP03,81,653.67,5.46,8.07,0.32,616,0,6,8,84.66,174,15,425.88,0,0,0,Summer,0.93,1.14,336,0.83,5,0.468,69,2,2,8.07,0.33,8,13,104.62,7.57
2024-03-17,S001,SKU002,Snacks,Premium,SUP03,162,1307.34,5.46,8.07,0.32,507,0,10,8,84.66,166,9,425.88,0,0,1,Summer,0.16,0.8,336,0.83,5,0.468,69,2,4,8.07,0.42,8,8,126.62,12.96
2024-03-24,S001,SKU002,Snacks,Premium,SUP03,159,1283.13,5.46,8.07,0.32,526,0,4,8,84.66,130,1,425.88,1,30,0,Winter,0.3,1.19,336,0.83,5,0.468,69,2,1,8.07,0.29,8,23,64.23,11.07
2024-01-07,S001,SKU003,Beverages,Economy,SUP04,133,851.2,3.77,6.4,0.41,512,0,3,4,95.54,116,6,252.59,1,0,0,Summer,0.62,0.97,290,0.15,2,0.318,93,2,3,6.4,0.31,4,29,85.69,12.04
2024-01-14,S001,SKU003,Beverages,Economy,SUP04,140,896.0,3.77,6.4,0.41,532,0,5,4,95.54,68,0,252.59,1,10,1,Autumn,0.13,1.06,290,0.15,2,0.318,93,2,4,6.4,0.31,4,10,120.96,8.11
2024-01-21,S001,SKU003,Beverages,Economy,SUP04,132,844.8,3.77,6.4,0.41,249,0,1,4,95.54,67,7,252.59,1,0,0,Winter,0.51,0.85,290,0.15,2,0.318,93,2,3,6.4,0.49,4,28,110.1,12.6
2024-01-28,S001,SKU003,Beverages,Economy,SUP04,101,646.4,3.77,6.4,0.41,449,0,5,4,95.54,191,9,252.59,1,20,0,Autumn,0.83,1.08,290,0.15,2,0.318,93,2,1,6.4,0.48,4,21,107.55,14.95
2024-02-04,S001,SKU003,Beverages,Economy,SUP04,46,294.4,3.77,6.4,0.41,776,0,3,4,95.54,122,19,252.59,0,0,0,Spring,0.12,0.84,290,0.15,2,0.318,93,2,2,6.4,0.15,4,8,108.88,12.32
2024-02-11,S001,SKU003,Beverages,Economy,SUP04,82,524.8,3.77,6.4,0.41,491,0,5,4,95.54,63,2,252.59,0,0,1,Winter,0.69,1.14,290,0.15,2,0.318,93,2,4,6.4,0.35,4,8,97.43,8.6
2024-02-18,S001,SKU003,Beverages,Economy,SUP04,152,972.8,3.77,6.4,0.41,852,0,3,4,95.54,163,17,252.59,1,20,0,Summer,0.33,0.85,290,0.15,2,0.318,93,2,3,6.4,0.36,4,5,101.4,8.84
2024-02-25,S001,SKU003,Beverages,Economy,SUP04,154,985.6,3.77,6.4,0.41,599,0,8,4,95.54,59,11,252.59,1,0,0,Summer,0.95,1.08,290,0.15,2,0.318,93,2,2,6.4,0.13,4,17,105.62,8.13
2024-03-03,S001,SKU003,Beverages,Economy,SUP04,111,710.4,3.77,6.4,0.41,426,0,3,4,95.54,141,6,252.59,0,0,1,Winter,0.04,0.95,290,0.15,2,0.318,93,2,1,6.4,0.15,4,28,119.04,14.36
2024-03-10,S001,SKU003,Beverages,Economy,SUP04,114,729.6,3.77,6.4,0.41,587,0,7,4,95.54,89,7,252.59,0,0,0,Spring,0.78,1.15,290,0.15,2,0.318,93,2,4,6.4,0.41,4,19,110.94,9.39
2024-03-17,S001,SKU003,Beverages,Economy,SUP04,91,582.4,3.77,6.4,0.41,664,0,7,4,95.54,155,7,252.59,0,0,0,Autumn,0.02,1.09,290,0.15,2,0.318,93,2,3,6.4,0.26,4,25,94.58,8.16
2024-03-24,S001,SKU003,Beverages,Economy,SUP04,226,1446.4,3.77,6.4,0.41,659,0,7,4,95.54,167,11,252.59,1,10,0,Autumn,0.87,1.14,290,0.15,2,0.318,93,2,2,6.4,0.3,4,6,101.52,7.97
2024-01-07,S001,SKU004,Household,Premium,SUP02,139,111.2,0.65,0.8,0.19,477,0,2,7,80.53,77,19,117.0,0,0,0,Spring,0.18,1.19,65,0.32,3,0.23,84,3,3,0.8,0.4,7,1,83.56,10.73
2024-01-14,S001,SKU004,Household,Premium,SUP02,179,143.2,0.65,0.8,0.19,423,0,3,7,80.53,197,6,117.0,1,20,1,Autumn,0.61,1.0,65,0.32,3,0.23,84,3,4,0.8,0.13,7,28,123.09,8.57
2024-01-21,S001,SKU004,Household,Premium,SUP02,143,114.4,0.65,0.8,0.19,704,0,5,7,80.53,160,2,117.0,1,0,1,Summer,0.52,1.12,65,0.32,3,0.23,84,3,2,0.8,0.3,7,11,99.63,9.13
2024-01-28,S001,SKU004,Household,Premium,SUP02,162,129.6,0.65,0.8,0.19,375,0,8,7,80.53,125,17,117.0,1,20,0,Spring,0.51,1.07,65,0.32,3,0.23,84,3,3,0.8,0.49,7,12,104.48,10.04
2024-02-04,S001,SKU004,Household,Premium,SUP02,103,82.4,0.65,0.8,0.19,384,0,8,7,80.53,195,9,117.0,0,0,0,Autumn,0.66,0.95,65,0.32,3,0.23,84,3,2,0.8,0.21,7,19,143.8,7.58
2024-02-11,S001,SKU004,Household,Premium,SUP02,136,108.8,0.65,0.8,0.19,410,0,6,7,80.53,163,14,117.0,1,0,1,Spring,0.21,1.11,65,0.32,3,0.23,84,3,3,0.8,0.31,7,14,119.01,8.27
2024-02-18,S001,SKU004,Household,Premium,SUP02,84,67.2,0.65,0.8,0.19,573,0,8,7,80.53,110,9,117.0,0,0,1,Winter,0.66,0.91,65,0.32,3,0.23,84,3,3,0.8,0.11,7,2,123.59,8.59
2024-02-25,S001,SKU004,Household,Premium,SUP02,31,24.8,0.65,0.8,0.19,703,0,6,7,80.53,68,14,117.0,0,0,0,Winter,0.02,0.9,65,0.32,3,0.23,84,3,4,0.8,0.45,7,19,100.1,10.14
2024-03-03,S001,SKU004,Household,Premium,SUP02,151,120.8,0.65,0.8,0.19,593,0,5,7,80.53,77,13,117.0,1,10,1,Autumn,0.4,0.86,65,0.32,3,0.23,84,3,1,0.8,0.35,7,28,83.44,9.09
2024-03-10,S001,SKU004,Household,Premium,SUP02,109,87.2,0.65,0.8,0.19,807,0,7,7,80.53,84,14,117.0,0,0,0,Autumn,0.05,0.9,65,0.32,3,0.23,84,3,1,0.8,0.11,7,14,112.91,14.11
2024-03-17,S001,SKU004,Household,Premium,SUP02,131,104.8,0.65,0.8,0.19,602,0,1,7,80.53,116,7,117.0,1,30,1,Autumn,0.9,1.1,65,0.32,3,0.23,84,3,4,0.8,0.24,7,14,65.38,14.33
2024-03-24,S001,SKU004,Household,Premium,SUP02,185,148.0,0.65,0.8,0.19,479,0,7,7,80.53,135,10,117.0,1,30,0,Spring,0.44,1.09,65,0.32,3,0.23,84,3,2,0.8,0.47,7,8,65.93,9.83
2024-01-07,S001,SKU005,Personal Care,Premium,SUP02,165,333.3,1.48,2.02,0.27,495,0,4,9,82.23,149,13,278.24,1,30,0,Autumn,0.48,1.18,62,0.67,2,0.26,53,2,3,2.02,0.15,9,24,107.33,7.18
2024-01-14,S001,SKU005,Personal Care,Premium,SUP02,99,199.98,1.48,2.02,0.27,341,0,5,9,82.23,153,5,278.24,0,0,1,Winter,0.27,0.99,62,0.67,2,0.26,53,2,4,2.02,0.17,9,10,83.69,8.32
2024-01-21,S001,SKU005,Personal Care,Premium,SUP02,92,185.84,1.48,2.02,0.27,471,0,3,9,82.23,159,4,278.24,1,10,0,Autumn,0.59,1.07,62,0.67,2,0.26,53,2,1,2.02,0.42,9,20,86.01,10.64
2024-01-28,S001,SKU005,Personal Care,Premium,SUP02,145,292.9,1.48,2.02,0.27,466,0,5,9,82.23,147,8,278.24,1,10,0,Spring,0.38,0.88,62,0.67,2,0.26,53,2,3,2.02,0.35,9,10,87.47,3.42
2024-02-04,S001,SKU005,Personal Care,Premium,SUP02,184,371.68,1.48,2.02,0.27,351,0,5,9,82.23,67,20,278.24,1,20,0,Autumn,0.02,1.02,62,0.67,2,0.26,53,2,3,2.02,0.2,9,7,84.87,5.73
2024-02-11,S001,SKU005,Personal Care,Premium,SUP02,74,149.48,1.48,2.02,0.27,337,0,6,9,82.23,82,15,278.24,0,0,0,Winter,0.2,0.81,62,0.67,2,0.26,53,2,2,2.02,0.31,9,7,130.46,11.62
2024-02-18,S001,SKU005,Personal Care,Premium,SUP02,58,117.16,1.48,2.02,0.27,471,0,7,9,82.23,79,5,278.24,0,0,0,Autumn,0.7,1.11,62,0.67,2,0.26,53,2,2,2.02,0.14,9,19,90.84,8.12
2024-02-25,S001,SKU005,Personal Care,Premium,SUP02,134,270.68,1.48,2.02,0.27,437,0,3,9,82.23,100,2,278.24,1,0,0,Spring,0.58,1.16,62,0.67,2,0.26,53,2,4,2.02,0.31,9,12,105.41,9.85
2024-03-03,S001,SKU005,Personal Care,Premium,SUP02,90,181.8,1.48,2.02,0.27,363,0,8,9,82.23,194,1,278.24,0,0,0,Spring,0.85,1.04,62,0.67,2,0.26,53,2,1,2.02,0.21,9,25,86.75,11.71
2024-03-10,S001,SKU005,Personal Care,Premium,SUP02,139,280.78,1.48,2.02,0.27,229,0,4,9,82.23,175,3,278.24,1,30,1,Summer,0.51,0.94,62,0.67,2,0.26,53,2,4,2.02,0.33,9,26,98.68,6.37
2024-03-17,S001,SKU005,Personal Care,Premium,SUP02,143,288.86,1.48,2.02,0.27,507,0,2,9,82.23,187,15,278.24,1,20,1,Winter,0.44,1.09,62,0.67,2,0.26,53,2,3,2.02,0.5,9,19,120.13,8.27
2024-03-24,S001,SKU005,Personal Care,Premium,SUP02,203,410.06,1.48,2.02,0.27,330,0,8,9,82.23,165,7,278.24,1,30,1,Spring,0.85,1.13,62,0.67,2,0.26,53,2,1,2.02,0.39,9,8,101.73,9.53
2024-01-07,S001,SKU006,Dairy,Economy,SUP04,146,567.94,2.69,3.89,0.31,538,0,3,8,93.93,171,20,368.53,0,0,0,Summer,0.24,0.96,138,0.25,3,0.176,88,3,2,3.89,0.17,8,22,110.87,13.1
2024-01-14,S001,SKU006,Dairy,Economy,SUP04,61,237.29,2.69,3.89,0.31,554,0,6,8,93.93,198,11,368.53,1,30,0,Summer,0.29,0.96,138,0.25,3,0.176,88,3,2,3.89,0.4,8,9,68.39,10.05
2024-01-21,S001,SKU006,Dairy,Economy,SUP04,160,622.4,2.69,3.89,0.31,623,0,7,8,93.93,109,3,368.53,1,20,1,Spring,0.35,0.98,138,0.25,3,0.176,88,3,3,3.89,0.42,8,8,112.66,16.81
2024-01-28,S001,SKU006,Dairy,Economy,SUP04,127,494.03,2.69,3.89,0.31,537,0,4,8,93.93,105,15,368.53,0,0,1,Summer,0.74,1.18,138,0.25,3,0.176,88,3,2,3.89,0.33,8,6,109.58,11.0
2024-02-04,S001,SKU006,Dairy,Economy,SUP04,191,742.99,2.69,3.89,0.31,423,0,3,8,93.93,186,4,368.53,1,20,0,Winter,0.3,0.94,138,0.25,3,0.176,88,3,3,3.89,0.42,8,0,91.45,8.34
2024-02-11,S001,SKU006,Dairy,Economy,SUP04,188,731.32,2.69,3.89,0.31,646,0,5,8,93.93,53,18,368.53,1,0,0,Spring,0.7,0.85,138,0.25,3,0.176,88,3,4,3.89,0.46,8,3,64.43,14.49
2024-02-18,S001,SKU006,Dairy,Economy,SUP04,196,762.44,2.69,3.89,0.31,491,0,4,8,93.93,172,3,368.53,1,30,1,Autumn,0.34,1.19,138,0.25,3,0.176,88,3,3,3.89,0.45,8,30,102.19,12.18
2024-02-25,S001,SKU006,Dairy,Economy,SUP04,139,540.71,2.69,3.89,0.31,533,0,8,8,93.93,88,18,368.53,0,0,1,Autumn,0.07,1.05,138,0.25,3,0.176,88,3,1,3.89,0.15,8,4,101.11,13.28
2024-03-03,S001,SKU006,Dairy,Economy,SUP04,82,318.98,2.69,3.89,0.31,729,0,3,8,93.93,183,12,368.53,1,0,0,Summer,0.56,0.97,138,0.25,3,0.176,88,3,2,3.89,0.23,8,24,117.04,3.04
2024-03-10,S001,SKU006,Dairy,Economy,SUP04,160,622.4,2.69,3.89,0.31,594,0,5,8,93.93,103,20,368.53,1,30,1,Autumn,0.31,1.05,138,0.25,3,0.176,88,3,1,3.89,0.17,8,30,46.06,9.84
2024-03-17,S001,SKU006,Dairy,Economy,SUP04,110,427.9,2.69,3.89,0.31,604,0,2,8,93.93,50,13,368.53,0,0,1,Summer,0.16,0.87,138,0.25,3,0.176,88,3,1,3.89,0.37,8,5,94.62,6.68
2024-03-24,S001,SKU006,Dairy,Economy,SUP04,272,1058.08,2.69,3.89,0.31,508,0,4,8,93.93,109,8,368.53,1,30,1,Summer,0.23,1.08,138,0.25,3,0.176,88,3,4,3.89,0.18,8,2,99.34,8.37
2024-01-07,S001,SKU007,Personal Care,Economy,SUP02,141,681.03,3.26,4.83,0.33,515,0,6,4,71.79,70,19,417.28,1,0,1,Spring,0.7,1.18,102,0.83,2,0.318,86,3,4,4.83,0.17,4,14,71.85,7.67
2024-01-14,S001,SKU007,Personal Care,Economy,SUP02,75,362.25,3.26,4.83,0.33,762,0,1,4,71.79,197,18,417.28,0,0,1,Spring,0.6,0.81,102,0.83,2,0.318,86,3,2,4.83,0.39,4,30,98.22,10.09
2024-01-21,S001,SKU007,Personal Care,Economy,SUP02,91,439.53,3.26,4.83,0.33,390,0,2,4,71.79,121,5,417.28,0,0,1,Summer,0.76,0.87,102,0.83,2,0.318,86,3,4,4.83,0.42,4,29,110.01,6.84
2024-01-28,S001,SKU007,Personal Care,Economy,SUP02,135,652.05,3.26,4.83,0.33,465,0,7,4,71.79,91,10,417.28,1,30,0,Autumn,0.35,0.93,102,0.83,2,0.318,86,3,1,4.83,0.46,4,27,106.52,6.25
2024-02-04,S001,SKU007,Personal Care,Economy,SUP02,206,994.98,3.26,4.83,0.33,472,0,5,4,71.79,130,8,417.28,1,30,1,Autumn,0.81,1.02,102,0.83,2,0.318,86,3,4,4.83,0.35,4,2,124.93,3.49
2024-02-11,S001,SKU007,Personal Care,Economy,SUP02,99,478.17,3.26,4.83,0.33,418,0,8,4,71.79,98,16,417.28,1,0,1,Summer,0.66,1.02,102,0.83,2,0.318,86,3,4,4.83,0.21,4,1,143.1,12.02
2024-02-18,S001,SKU007,Personal Care,Economy,SUP02,145,700.35,3.26,4.83,0.33,437,0,5,4,71.79,174,3,417.28,1,30,1,Summer,0.2,1.02,102,0.83,2,0.318,86,3,3,4.83,0.47,4,14,103.92,7.06
2024-02-25,S001,SKU007,Personal Care,Economy,SUP02,116,560.28,3.26,4.83,0.33,244,0,3,4,71.79,107,3,417.28,0,0,0,Winter,0.31,0.81,102,0.83,2,0.318,86,3,4,4.83,0.15,4,2,132.41,14.71
2024-03-03,S001,SKU007,Personal Care,Economy,SUP02,109,526.47,3.26,4.83,0.33,576,0,4,4,71.79,173,15,417.28,1,0,0,Autumn,0.93,0.92,102,0.83,2,0.318,86,3,3,4.83,0.17,4,13,93.04,10.6
2024-03-10,S001,SKU007,Personal Care,Economy,SUP02,62,299.46,3.26,4.83,0.33,587,0,5,4,71.79,67,8,417.28,0,0,1,Winter,0.38,1.17,102,0.83,2,0.318,86,3,2,4.83,0.29,4,27,109.87,10.55
2024-03-17,S001,SKU007,Personal Care,Economy,SUP02,135,652.05,3.26,4.83,0.33,605,0,2,4,71.79,88,14,417.28,1,20,1,Summer,0.28,0.92,102,0.83,2,0.318,86,3,4,4.83,0.12,4,27,151.2,9.71
2024-03-24,S001,SKU007,Personal Care,Economy,SUP02,215,1038.45,3.26,4.83,0.33,394,0,2,4,71.79,111,18,417.28,1,20,1,Autumn,0.46,0.93,102,0.83,2,0.318,86,3,2,4.83,0.3,4,22,87.46,15.44
2024-01-07,S001,SKU008,Dairy,Premium,SUP04,148,186.48,0.78,1.26,0.38,415,0,5,5,84.86,89,2,46.02,0,0,1,Summer,0.53,0.98,363,0.41,4,0.107,87,3,2,1.26,0.47,5,13,73.61,9.32
2024-01-14,S001,SKU008,Dairy,Premium,SUP04,212,267.12,0.78,1.26,0.38,517,0,7,5,84.86,131,20,46.02,1,20,1,Autumn,0.65,1.14,363,0.41,4,0.107,87,3,4,1.26,0.5,5,30,108.59,10.62
2024-01-21,S001,SKU008,Dairy,Premium,SUP04,160,201.6,0.78,1.26,0.38,308,0,3,5,84.86,73,13,46.02,1,0,0,Winter,0.63,1.17,363,0.41,4,0.107,87,3,2,1.26,0.47,5,23,122.58,9.76
2024-01-28,S001,SKU008,Dairy,Premium,SUP04,81,102.06,0.78,1.26,0.38,632,0,3,5,84.86,133,1,46.02,0,0,0,Autumn,0.17,0.92,363,0.41,4,0.107,87,3,1,1.26,0.15,5,1,104.44,8.56
2024-02-04,S001,SKU008,Dairy,Premium,SUP04,220,277.2,0.78,1.26,0.38,365,0,4,5,84.86,94,2,46.02,1,20,1,Autumn,0.15,1.01,363,0.41,4,0.107,87,3,2,1.26,0.35,5,5,105.34,12.67
2024-02-11,S001,SKU008,Dairy,Premium,SUP04,173,217.98,0.78,1.26,0.38,659,0,11,5,84.86,52,14,46.02,1,10,1,Winter,0.23,1.06,363,0.41,4,0.107,87,3,4,1.26,0.27,5,8,82.55,12.38
2024-02-18,S001,SKU008,Dairy,Premium,SUP04,137,172.62,0.78,1.26,0.38,379,0,3,5,84.86,158,8,46.02,1,10,0,Autumn,0.95,1.2,363,0.41,4,0.107,87,3,3,1.26,0.11,5,20,99.31,10.7
2024-02-25,S001,SKU008,Dairy,Premium,SUP04,212,267.12,0.78,1.26,0.38,350,0,4,5,84.86,141,18,46.02,1,20,0,Autumn,0.85,0.84,363,0.41,4,0.107,87,3,4,1.26,0.45,5,18,99.01,12.02
2024-03-03,S001,SKU008,Dairy,Premium,SUP04,105,132.3,0.78,1.26,0.38,557,0,7,5,84.86,177,9,46.02,1,20,0,Autumn,0.27,1.03,363,0.41,4,0.107,87,3,1,1.26,0.19,5,29,111.11,8.13
2024-03-10,S001,SKU008,Dairy,Premium,SUP04,100,126.0,0.78,1.26,0.38,474,0,8,5,84.86,74,20,46.02,0,0,1,Winter,0.64,1.05,363,0.41,4,0.107,87,3,2,1.26,0.43,5,20,85.9,7.89
2024-03-17,S001,SKU008,Dairy,Premium,SUP04,214,269.64,0.78,1.26,0.38,640,0,4,5,84.86,125,10,46.02,0,0,1,Autumn,0.03,0.95,363,0.41,4,0.107,87,3,2,1.26,0.46,5,2,110.87,13.25
2024-03-24,S001,SKU008,Dairy,Premium,SUP04,115,144.9,0.78,1.26,0.38,515,0,5,5,84.86,178,8,46.02,1,10,0,Winter,0.79,1.15,363,0.41,4,0.107,87,3,3,1.26,0.19,5,16,89.65,10.67
2024-01-07,S001,SKU009,Snacks,Regular,SUP04,169,1499.03,6.79,8.87,0.23,678,0,8,4,74.22,117,18,726.53,1,0,1,Summer,0.26,0.85,269,0.74,3,0.437,96,4,3,8.87,0.36,4,21,116.41,11.52
2024-01-14,S001,SKU009,Snacks,Regular,SUP04,192,1703.04,6.79,8.87,0.23,675,0,5,4,74.22,106,20,726.53,1,20,0,Winter,0.47,1.05,269,0.74,3,0.437,96,4,3,8.87,0.43,4,29,92.59,7.5
2024-01-21,S001,SKU009,Snacks,Regular,SUP04,92,816.04,6.79,8.87,0.23,574,0,3,4,74.22,59,9,726.53,0,0,1,Spring,0.65,0.85,269,0.74,3,0.437,96,4,1,8.87,0.21,4,30,103.82,10.14
2024-01-28,S001,SKU009,Snacks,Regular,SUP04,95,842.65,6.79,8.87,0.23,611,0,7,4,74.22,188,13,726.53,1,0,0,Winter,0.89,0.85,269,0.74,3,0.437,96,4,4,8.87,0.35,4,11,103.51,11.23
2024-02-04,S001,SKU009,Snacks,Regular,SUP04,112,993.44,6.79,8.87,0.23,439,0,4,4,74.22,144,6,726.53,0,0,1,Summer,0.83,1.05,269,0.74,3,0.437,96,4,3,8.87,0.12,4,1,107.34,8.42
2024-02-11,S001,SKU009,Snacks,Regular,SUP04,144,1277.28,6.79,8.87,0.23,194,0,7,4,74.22,151,8,726.53,1,30,0,Spring,0.1,1.07,269,0.74,3,0.437,96,4,3,8.87,0.42,4,1,79.58,12.13
2024-02-18,S001,SKU009,Snacks,Regular,SUP04,109,966.83,6.79,8.87,0.23,415,0,6,4,74.22,135,7,726.53,0,0,0,Autumn,0.09,0.88,269,0.74,3,0.437,96,4,1,8.87,0.36,4,1,69.49,7.92
2024-02-25,S001,SKU009,Snacks,Regular,SUP04,98,869.26,6.79,8.87,0.23,536,0,3,4,74.22,109,10,726.53,0,0,0,Summer,0.83,1.02,269,0.74,3,0.437,96,4,2,8.87,0.36,4,26,119.01,8.97
2024-03-03,S001,SKU009,Snacks,Regular,SUP04,120,1064.4,6.79,8.87,0.23,495,0,7,4,74.22,114,5,726.53,0,0,0,Spring,0.86,0.86,269,0.74,3,0.437,96,4,2,8.87,0.11,4,17,103.93,12.13
2024-03-10,S001,SKU009,Snacks,Regular,SUP04,96,851.52,6.79,8.87,0.23,716,0,3,4,74.22,132,0,726.53,0,0,0,Winter,0.01,1.12,269,0.74,3,0.437,96,4,2,8.87,0.18,4,18,85.18,9.96
2024-03-17,S001,SKU009,Snacks,Regular,SUP04,56,496.72,6.79,8.87,0.23,584,0,3,4,74.22,66,15,726.53,0,0,1,Summer,0.13,0.97,269,0.74,3,0.437,96,4,1,8.87,0.13,4,23,90.95,2.73
2024-03-24,S001,SKU009,Snacks,Regular,SUP04,86,762.82,6.79,8.87,0.23,614,0,5,4,74.22,183,9,726.53,1,20,0,Autumn,0.5,1.18,269,0.74,3,0.437,96,4,1,8.87,0.2,4,23,148.04,9.93
2024-01-07,S001,SKU010,Dairy,Economy,SUP01,120,154.8,0.9,1.29,0.3,767,0,1,10,91.37,185,9,146.7,0,0,0,Winter,0.28,1.05,85,0.44,4,0.083,55,3,3,1.29,0.31,10,12,95.06,7.95
2024-01-14,S001,SKU010,Dairy,Economy,SUP01,109,140.61,0.9,1.29,0.3,457,0,5,10,91.37,165,7,146.7,1,30,0,Summer,0.85,1.06,85,0.44,4,0.083,55,3,2,1.29,0.35,10,13,136.24,11.07
2024-01-21,S001,SKU010,Dairy,Economy,SUP01,185,238.65,0.9,1.29,0.3,602,0,7,10,91.37,115,11,146.7,1,20,1,Autumn,0.42,0.84,85,0.44,4,0.083,55,3,4,1.29,0.36,10,10,134.72,10.59
2024-01-28,S001,SKU010,Dairy,Economy,SUP01,93,119.97,0.9,1.29,0.3,427,0,6,10,91.37,145,4,146.7,0,0,1,Summer,0.09,0.83,85,0.44,4,0.083,55,3,4,1.29,0.3,10,3,134.55,11.31
2024-02-04,S001,SKU010,Dairy,Economy,SUP01,121,156.09,0.9,1.29,0.3,518,0,3,10,91.37,63,9,146.7,0,0,1,Summer,0.41,1.15,85,0.44,4,0.083,55,3,4,1.29,0.2,10,27,121.82,9.67
2024-02-11,S001,SKU010,Dairy,Economy,SUP01,187,241.23,0.9,1.29,0.3,630,0,4,10,91.37,192,11,146.7,1,20,0,Winter,0.15,0.99,85,0.44,4,0.083,55,3,1,1.29,0.45,10,11,68.76,16.01
2024-02-18,S001,SKU010,Dairy,Economy,SUP01,115,148.35,0.9,1.29,0.3,767,0,7,10,91.37,118,0,146.7,0,0,1,Winter,0.81,1.14,85,0.44,4,0.083,55,3,1,1.29,0.35,10,19,87.49,11.19
2024-02-25,S001,SKU010,Dairy,Economy,SUP01,139,179.31,0.9,1.29,0.3,539,0,4,10,91.37,86,18,146.7,0,0,1,Spring,0.92,0.94,85,0.44,4,0.083,55,3,2,1.29,0.3,10,27,110.87,8.89
2024-03-03,S001,SKU010,Dairy,Economy,SUP01,180,232.2,0.9,1.29,0.3,72,1,5,10,91.37,166,10,146.7,1,0,0,Summer,0.09,1.01,85,0.44,4,0.083,55,3,4,1.29,0.36,10,13,122.15,7.88
2024-03-10,S001,SKU010,Dairy,Economy,SUP01,57,73.53,0.9,1.29,0.3,459,0,2,10,91.37,63,4,146.7,0,0,1,Spring,0.72,1.11,85,0.44,4,0.083,55,3,1,1.29,0.23,10,28,94.81,13.7
2024-03-17,S001,SKU010,Dairy,Economy,SUP01,125,161.25,0.9,1.29,0.3,291,0,3,10,91.37,163,13,146.7,0,0,0,Summer,0.27,1.06,85,0.44,4,0.083,55,3,4,1.29,0.39,10,19,93.57,16.23
2024-03-24,S001,SKU010,Dairy,Economy,SUP01,165,212.85,0.9,1.29,0.3,564,0,4,10,91.37,128,1,146.7,1,10,0,Spring,0.43,0.91,85,0.44,4,0.083,55,3,4,1.29,0.12,10,16,114.55,10.16
2024-01-07,S002,SKU001,Snacks,Regular,SUP01,149,107.28,0.55,0.72,0.24,487,0,2,7,79.84,151,1,28.05,0,0,1,Winter,0.5,1.13,160,0.71,2,0.274,77,2,3,0.72,0.16,7,2,118.33,11.04
2024-01-14,S002,SKU001,Snacks,Regular,SUP01,209,150.48,0.55,0.72,0.24,65,1,3,7,79.84,156,9,28.05,1,0,1,Summer,0.86,1.03,160,0.71,2,0.274,77,2,4,0.72,0.22,7,22,81.23,11.93
2024-01-21,S002,SKU001,Snacks,Regular,SUP01,131,94.32,0.55,0.72,0.24,402,0,10,7,79.84,142,2,28.05,0,0,1,Summer,0.97,0.87,160,0.71,2,0.274,77,2,4,0.72,0.11,7,26,103.95,11.35
2024-01-28,S002,SKU001,Snacks,Regular,SUP01,106,76.32,0.55,0.72,0.24,600,0,6,7,79.84,129,10,28.05,1,0,0,Autumn,0.59,1.01,160,0.71,2,0.274,77,2,4,0.72,0.49,7,27,120.1,9.24
2024-02-04,S002,SKU001,Snacks,Regular,SUP01,133,95.76,0.55,0.72,0.24,715,0,10,7,79.84,139,11,28.05,0,0,1,Winter,0.08,1.05,160,0.71,2,0.274,77,2,2,0.72,0.32,7,28,74.44,5.07
2024-02-11,S002,SKU001,Snacks,Regular,SUP01,64,46.08,0.55,0.72,0.24,732,0,4,7,79.84,69,5,28.05,0,0,0,Summer,0.15,0.88,160,0.71,2,0.274,77,2,2,0.72,0.34,7,24,121.79,14.6
2024-02-18,S002,SKU001,Snacks,Regular,SUP01,80,57.6,0.55,0.72,0.24,397,0,3,7,79.84,67,15,28.05,1,30,1,Spring,0.86,1.05,160,0.71,2,0.274,77,2,2,0.72,0.24,7,14,72.21,5.06
2024-02-25,S002,SKU001,Snacks,Regular,SUP01,210,151.2,0.55,0.72,0.24,865,0,5,7,79.84,59,1,28.05,1,20,1,Summer,0.35,0.83,160,0.71,2,0.274,77,2,4,0.72,0.18,7,14,94.95,11.18
2024-03-03,S002,SKU001,Snacks,Regular,SUP01,142,102.24,0.55,0.72,0.24,582,0,3,7,79.84,191,1,28.05,1,20,0,Summer,0.62,1.0,160,0.71,2,0.274,77,2,4,0.72,0.22,7,18,103.6,14.18
2024-03-10,S002,SKU001,Snacks,Regular,SUP01,206,148.32,0.55,0.72,0.24,264,0,4,7,79.84,137,2,28.05,1,10,1,Autumn,0.5,1.18,160,0.71,2,0.274,77,2,4,0.72,0.37,7,3,102.11,6.0
2024-03-17,S002,SKU001,Snacks,Regular,SUP01,75,54.0,0.55,0.72,0.24,547,0,6,7,79.84,145,9,28.05,0,0,0,Winter,0.71,1.2,160,0.71,2,0.274,77,2,2,0.72,0.35,7,11,102.45,11.63
2024-03-24,S002,SKU001,Snacks,Regular,SUP01,171,123.12,0.55,0.72,0.24,506,0,6,7,79.84,74,17,28.05,1,30,1,Summer,0.79,1.06,160,0.71,2,0.274,77,2,1,0.72,0.19,7,10,85.63,12.68
2024-01-07,S002,SKU002,Dairy,Regular,SUP03,88,713.68,5.2,8.11,0.36,687,0,5,4,87.48,82,16,447.2,0,0,0,Spring,0.56,1.06,200,0.8,5,0.463,69,4,3,8.11,0.39,4,26,92.92,11.36
2024-01-14,S002,SKU002,Dairy,Regular,SUP03,168,1362.48,5.2,8.11,0.36,743,0,6,4,87.48,174,6,447.2,0,0,1,Spring,0.02,0.92,200,0.8,5,0.463,69,4,2,8.11,0.38,4,10,71.29,4.26
2024-01-21,S002,SKU002,Dairy,Regular,SUP03,139,1127.29,5.2,8.11,0.36,665,0,4,4,87.48,188,16,447.2,0,0,0,Winter,0.08,1.14,200,0.8,5,0.463,69,4,1,8.11,0.21,4,16,77.98,7.87
2024-01-28,S002,SKU002,Dairy,Regular,SUP03,96,778.56,5.2,8.11,0.36,470,0,3,4,87.48,92,14,447.2,0,0,1,Winter,0.6,0.86,200,0.8,5,0.463,69,4,2,8.11,0.32,4,26,106.62,12.5
2024-02-04,S002,SKU002,Dairy,Regular,SUP03,40,324.4,5.2,8.11,0.36,556,0,7,4,87.48,122,14,447.2,0,0,1,Spring,0.68,0.9,200,0.8,5,0.463,69,4,4,8.11,0.32,4,19,80.19,11.89
2024-02-11,S002,SKU002,Dairy,Regular,SUP03,63,510.93,5.2,8.11,0.36,512,0,7,4,87.48,196,14,447.2,0,0,0,Spring,0.97,1.11,200,0.8,5,0.463,69,4,2,8.11,0.16,4,11,124.26,10.43
2024-02-18,S002,SKU002,Dairy,Regular,SUP03,262,2124.82,5.2,8.11,0.36,558,0,4,4,87.48,114,1,447.2,1,20,1,Autumn,0.97,1.13,200,0.8,5,0.463,69,4,2,8.11,0.38,4,27,84.28,6.01
2024-02-25,S002,SKU002,Dairy,Regular,SUP03,76,616.36,5.2,8.11,0.36,576,0,8,4,87.48,181,4,447.2,1,20,0,Summer,0.29,1.11,200,0.8,5,0.463,69,4,3,8.11,0.47,4,14,101.64,9.7
2024-03-03,S002,SKU002,Dairy,Regular,SUP03,186,1508.46,5.2,8.11,0.36,456,0,5,4,87.48,151,16,447.2,1,0,0,Autumn,0.88,1.17,200,0.8,5,0.463,69,4,4,8.11,0.17,4,1,79.27,13.94
2024-03-10,S002,SKU002,Dairy,Regular,SUP03,172,1394.92,5.2,8.11,0.36,525,0,7,4,87.48,135,4,447.2,1,10,1,Summer,0.37,0.81,200,0.8,5,0.463,69,4,1,8.11,0.3,4,26,78.7,9.08
2024-03-17,S002,SKU002,Dairy,Regular,SUP03,75,608.25,5.2,8.11,0.36,471,0,1,4,87.48,170,14,447.2,0,0,0,Spring,0.92,0.99,200,0.8,5,0.463,69,4,2,8.11,0.49,4,24,110.16,10.16
2024-03-24,S002,SKU002,Dairy,Regular,SUP03,27,218.97,5.2,8.11,0.36,403,0,4,4,87.48,123,7,447.2,0,0,0,Summer,0.26,1.13,200,0.8,5,0.463,69,4,4,8.11,0.35,4,3,80.67,11.25
2024-01-07,S002,SKU003,Household,Premium,SUP01,92,291.64,2.05,3.17,0.35,490,0,5,10,87.9,71,16,110.7,0,0,1,Autumn,0.0,0.94,86,0.47,5,0.334,86,2,4,3.17,0.15,10,5,87.73,9.09
2024-01-14,S002,SKU003,Household,Premium,SUP01,134,424.78,2.05,3.17,0.35,525,0,8,10,87.9,114,0,110.7,1,0,0,Autumn,0.87,0.82,86,0.47,5,0.334,86,2,4,3.17,0.45,10,11,72.66,9.33
2024-01-21,S002,SKU003,Household,Premium,SUP01,123,389.91,2.05,3.17,0.35,229,0,3,10,87.9,61,11,110.7,1,0,1,Winter,0.73,1.05,86,0.47,5,0.334,86,2,3,3.17,0.27,10,4,92.17,9.95
2024-01-28,S002,SKU003,Household,Premium,SUP01,204,646.68,2.05,3.17,0.35,380,0,3,10,87.9,167,1,110.7,1,10,1,Autumn,0.63,1.12,86,0.47,5,0.334,86,2,1,3.17,0.2,10,22,99.69,11.74
2024-02-04,S002,SKU003,Household,Premium,SUP01,154,488.18,2.05,3.17,0.35,354,0,4,10,87.9,151,17,110.7,1,10,0,Winter,0.89,0.93,86,0.47,5,0.334,86,2,3,3.17,0.23,10,16,96.54,15.14
2024-02-11,S002,SKU003,Household,Premium,SUP01,95,301.15,2.05,3.17,0.35,257,0,8,10,87.9,134,8,110.7,1,20,0,Winter,0.29,1.14,86,0.47,5,0.334,86,2,1,3.17,0.44,10,27,143.15,8.18
2024-02-18,S002,SKU003,Household,Premium,SUP01,149,472.33,2.05,3.17,0.35,544,0,4,10,87.9,97,15,110.7,0,0,1,Autumn,0.89,1.1,86,0.47,5,0.334,86,2,4,3.17,0.39,10,10,140.27,10.41
2024-02-25,S002,SKU003,Household,Premium,SUP01,155,491.35,2.05,3.17,0.35,527,0,1,10,87.9,125,10,110.7,1,20,1,Summer,0.73,0.83,86,0.47,5,0.334,86,2,2,3.17,0.48,10,17,83.95,13.9
2024-03-03,S002,SKU003,Household,Premium,SUP01,60,190.2,2.05,3.17,0.35,300,0,4,10,87.9,163,11,110.7,0,0,0,Spring,0.66,0.92,86,0.47,5,0.334,86,2,4,3.17,0.36,10,5,84.37,12.64
2024-03-10,S002,SKU003,Household,Premium,SUP01,194,614.98,2.05,3.17,0.35,696,0,3,10,87.9,153,11,110.7,1,0,1,Autumn,0.27,1.19,86,0.47,5,0.334,86,2,1,3.17,0.41,10,2,109.12,16.5
2024-03-17,S002,SKU003,Household,Premium,SUP01,74,234.58,2.05,3.17,0.35,639,0,7,10,87.9,82,2,110.7,0,0,0,Winter,0.85,1.07,86,0.47,5,0.334,86,2,4,3.17,0.47,10,1,88.1,6.16
2024-03-24,S002,SKU003,Household,Premium,SUP01,50,158.5,2.05,3.17,0.35,207,0,4,10,87.9,165,11,110.7,0,0,1,Spring,0.38,1.03,86,0.47,5,0.334,86,2,2,3.17,0.45,10,21,73.19,12.74
2024-01-07,S002,SKU004,Household,Regular,SUP01,182,1132.04,4.23,6.22,0.32,539,0,9,6,98.82,175,6,236.88,1,0,1,Spring,0.7,0.89,172,0.35,4,0.381,81,5,3,6.22,0.32,6,22,107.99,8.05
2024-01-14,S002,SKU004,Household,Regular,SUP01,78,485.16,4.23,6.22,0.32,587,0,8,6,98.82,131,11,236.88,0,0,0,Summer,0.45,1.16,172,0.35,4,0.381,81,5,4,6.22,0.45,6,2,125.8,12.02
2024-01-21,S002,SKU004,Household,Regular,SUP01,114,709.08,4.23,6.22,0.32,316,0,1,6,98.82,142,16,236.88,0,0,1,Spring,0.85,1.08,172,0.35,4,0.381,81,5,2,6.22,0.39,6,25,125.76,8.73
2024-01-28,S002,SKU004,Household,Regular,SUP01,110,684.2,4.23,6.22,0.32,289,0,6,6,98.82,142,17,236.88,0,0,0,Winter,0.79,0.89,172,0.35,4,0.381,81,5,4,6.22,0.4,6,0,71.0,6.68
2024-02-04,S002,SKU004,Household,Regular,SUP01,131,814.82,4.23,6.22,0.32,376,0,9,6,98.82,155,13,236.88,1,30,0,Summer,0.07,0.96,172,0.35,4,0.381,81,5,4,6.22,0.1,6,16,69.49,13.79
2024-02-11,S002,SKU004,Household,Regular,SUP01,77,478.94,4.23,6.22,0.32,883,0,5,6,98.82,191,20,236.88,0,0,0,Spring,0.64,0.98,172,0.35,4,0.381,81,5,3,6.22,0.37,6,4,87.5,12.48
2024-02-18,S002,SKU004,Household,Regular,SUP01,99,615.78,4.23,6.22,0.32,696,0,1,6,98.82,89,9,236.88,0,0,0,Autumn,0.5,1.15,172,0.35,4,0.381,81,5,1,6.22,0.23,6,16,113.93,12.87
2024-02-25,S002,SKU004,Household,Regular,SUP01,103,640.66,4.23,6.22,0.32,721,0,4,6,98.82,70,8,236.88,0,0,0,Spring,0.93,0.89,172,0.35,4,0.381,81,5,3,6.22,0.19,6,27,130.27,11.89
2024-03-03,S002,SKU004,Household,Regular,SUP01,79,491.38,4.23,6.22,0.32,778,0,6,6,98.82,93,18,236.88,0,0,1,Winter,0.63,1.05,172,0.35,4,0.381,81,5,1,6.22,0.34,6,16,90.22,6.64
2024-03-10,S002,SKU004,Household,Regular,SUP01,105,653.1,4.23,6.22,0.32,234,0,6,6,98.82,61,20,236.88,0,0,0,Spring,0.84,1.03,172,0.35,4,0.381,81,5,1,6.22,0.42,6,2,76.6,1.38
2024-03-17,S002,SKU004,Household,Regular,SUP01,168,1044.96,4.23,6.22,0.32,765,0,5,6,98.82,127,15,236.88,1,10,1,Summer,0.5,1.05,172,0.35,4,0.381,81,5,3,6.22,0.4,6,20,107.07,10.36
2024-03-24,S002,SKU004,Household,Regular,SUP01,80,497.6,4.23,6.22,0.32,366,0,5,6,98.82,156,15,236.88,0,0,1,Spring,0.45,1.08,172,0.35,4,0.381,81,5,2,6.22,0.41,6,14,99.57,7.76
2024-01-07,S002,SKU005,Dairy,Premium,SUP03,23,134.78,4.44,5.86,0.24,632,0,3,9,73.92,124,12,639.36,0,0,1,Summer,0.27,0.9,206,0.69,3,0.282,56,3,1,5.86,0.49,9,1,114.05,10.29
2024-01-14,S002,SKU005,Dairy,Premium,SUP03,145,849.7,4.44,5.86,0.24,409,0,5,9,73.92,90,15,639.36,1,10,0,Spring,0.93,1.09,206,0.69,3,0.282,56,3,2,5.86,0.33,9,24,109.33,9.89
2024-01-21,S002,SKU005,Dairy,Premium,SUP03,105,615.3,4.44,5.86,0.24,674,0,2,9,73.92,111,6,639.36,1,30,1,Autumn,0.02,1.18,206,0.69,3,0.282,56,3,4,5.86,0.2,9,30,104.01,13.45
2024-01-28,S002,SKU005,Dairy,Premium,SUP03,109,638.74,4.44,5.86,0.24,509,0,5,9,73.92,187,0,639.36,1,0,0,Spring,0.49,1.15,206,0.69,3,0.282,56,3,4,5.86,0.28,9,9,74.67,9.83
2024-02-04,S002,SKU005,Dairy,Premium,SUP03,102,597.72,4.44,5.86,0.24,801,0,4,9,73.92,61,12,639.36,0,0,1,Winter,0.88,1.09,206,0.69,3,0.282,56,3,4,5.86,0.42,9,11,87.06,9.82
2024-02-11,S002,SKU005,Dairy,Premium,SUP03,74,433.64,4.44,5.86,0.24,590,0,4,9,73.92,190,8,639.36,0,0,0,Spring,0.55,0.83,206,0.69,3,0.282,56,3,4,5.86,0.18,9,24,92.79,11.53
2024-02-18,S002,SKU005,Dairy,Premium,SUP03,112,656.32,4.44,5.86,0.24,495,0,2,9,73.92,143,4,639.36,0,0,0,Summer,0.39,1.12,206,0.69,3,0.282,56,3,3,5.86,0.29,9,17,101.67,12.64
2024-02-25,S002,SKU005,Dairy,Premium,SUP03,81,474.66,4.44,5.86,0.24,499,0,7,9,73.92,171,16,639.36,0,0,1,Summer,0.05,0.85,206,0.69,3,0.282,56,3,3,5.86,0.42,9,25,137.47,13.24
2024-03-03,S002,SKU005,Dairy,Premium,SUP03,132,773.52,4.44,5.86,0.24,692,0,8,9,73.92,126,18,639.36,1,10,0,Spring,0.93,0.93,206,0.69,3,0.282,56,3,4,5.86,0.49,9,19,93.3,8.79
2024-03-10,S002,SKU005,Dairy,Premium,SUP03,131,767.66,4.44,5.86,0.24,563,0,7,9,73.92,199,9,639.36,1,30,1,Autumn,0.82,0.95,206,0.69,3,0.282,56,3,1,5.86,0.49,9,13,122.97,14.3
2024-03-17,S002,SKU005,Dairy,Premium,SUP03,72,421.92,4.44,5.86,0.24,461,0,2,9,73.92,63,18,639.36,0,0,1,Spring,0.97,1.11,206,0.69,3,0.282,56,3,2,5.86,0.39,9,23,83.89,11.79
2024-03-24,S002,SKU005,Dairy,Premium,SUP03,180,1054.8,4.44,5.86,0.24,545,0,7,9,73.92,54,14,639.36,1,10,1,Winter,0.82,0.9,206,0.69,3,0.282,56,3,1,5.86,0.43,9,6,80.01,8.49
2024-01-07,S002,SKU006,Household,Regular,SUP02,203,801.85,3.18,3.95,0.19,582,0,2,14,91.82,117,19,270.3,1,30,1,Winter,0.46,1.01,271,0.72,5,0.283,85,3,3,3.95,0.24,14,21,132.31,9.03
2024-01-14,S002,SKU006,Household,Regular,SUP02,198,782.1,3.18,3.95,0.19,728,0,7,14,91.82,123,6,270.3,1,10,0,Spring,0.56,0.89,271,0.72,5,0.283,85,3,3,3.95,0.37,14,24,91.96,11.57
2024-01-21,S002,SKU006,Household,Regular,SUP02,149,588.55,3.18,3.95,0.19,616,0,5,14,91.82,81,18,270.3,1,20,1,Spring,0.56,1.17,271,0.72,5,0.283,85,3,3,3.95,0.22,14,9,110.28,10.54
2024-01-28,S002,SKU006,Household,Regular,SUP02,184,726.8,3.18,3.95,0.19,573,0,6,14,91.82,163,20,270.3,1,30,1,Winter,0.29,0.92,271,0.72,5,0.283,85,3,1,3.95,0.28,14,11,122.14,9.64
2024-02-04,S002,SKU006,Household,Regular,SUP02,63,248.85,3.18,3.95,0.19,627,0,3,14,91.82,77,19,270.3,1,30,0,Winter,0.83,0.91,271,0.72,5,0.283,85,3,3,3.95,0.4,14,4,95.56,11.27
2024-02-11,S002,SKU006,Household,Regular,SUP02,82,323.9,3.18,3.95,0.19,612,0,6,14,91.82,75,13,270.3,0,0,0,Summer,0.67,1.01,271,0.72,5,0.283,85,3,2,3.95,0.43,14,1,113.19,8.84
2024-02-18,S002,SKU006,Household,Regular,SUP02,163,643.85,3.18,3.95,0.19,403,0,3,14,91.82,171,15,270.3,1,30,0,Winter,0.01,1.02,271,0.72,5,0.283,85,3,2,3.95,0.29,14,13,116.0,5.15
2024-02-25,S002,SKU006,Household,Regular,SUP02,77,304.15,3.18,3.95,0.19,339,0,7,14,91.82,196,7,270.3,0,0,1,Spring,0.29,0.82,271,0.72,5,0.283,85,3,1,3.95,0.13,14,20,114.69,8.05
2024-03-03,S002,SKU006,Household,Regular,SUP02,103,406.85,3.18,3.95,0.19,429,0,6,14,91.82,151,15,270.3,0,0,0,Autumn,0.88,0.87,271,0.72,5,0.283,85,3,1,3.95,0.14,14,26,105.3,11.93
2024-03-10,S002,SKU006,Household,Regular,SUP02,146,576.7,3.18,3.95,0.19,903,0,7,14,91.82,135,9,270.3,0,0,1,Summer,0.01,1.03,271,0.72,5,0.283,85,3,1,3.95,0.35,14,29,132.8,12.23
2024-03-17,S002,SKU006,Household,Regular,SUP02,153,604.35,3.18,3.95,0.19,259,0,6,14,91.82,167,20,270.3,1,30,0,Autumn,0.27,1.12,271,0.72,5,0.283,85,3,3,3.95,0.3,14,5,87.55,10.58
2024-03-24,S002,SKU006,Household,Regular,SUP02,120,474.0,3.18,3.95,0.19,301,0,2,14,91.82,153,13,270.3,1,10,0,Spring,0.79,1.03,271,0.72,5,0.283,85,3,2,3.95,0.21,14,5,71.87,9.75
2024-01-07,S002,SKU007,Personal Care,Regular,SUP01,109,395.67,3.11,3.63,0.14,614,0,2,3,77.82,128,5,342.1,1,0,1,Spring,0.69,0.82,157,0.48,2,0.251,67,3,1,3.63,0.1,3,14,93.82,7.74
2024-01-14,S002,SKU007,Personal Care,Regular,SUP01,162,588.06,3.11,3.63,0.14,701,0,4,3,77.82,89,14,342.1,1,20,0,Spring,0.37,0.89,157,0.48,2,0.251,67,3,2,3.63,0.35,3,15,93.62,7.61
2024-01-21,S002,SKU007,Personal Care,Regular,SUP01,213,773.19,3.11,3.63,0.14,503,0,5,3,77.82,164,16,342.1,1,30,1,Winter,0.76,1.07,157,0.48,2,0.251,67,3,1,3.63,0.27,3,16,116.63,9.46
2024-01-28,S002,SKU007,Personal Care,Regular,SUP01,180,653.4,3.11,3.63,0.14,729,0,4,3,77.82,187,4,342.1,1,0,0,Summer,0.83,1.16,157,0.48,2,0.251,67,3,2,3.63,0.35,3,18,102.9,8.16
2024-02-04,S002,SKU007,Personal Care,Regular,SUP01,91,330.33,3.11,3.63,0.14,551,0,4,3,77.82,180,14,342.1,0,0,1,Autumn,0.12,0.88,157,0.48,2,0.251,67,3,4,3.63,0.4,3,2,110.24,9.5
2024-02-11,S002,SKU007,Personal Care,Regular,SUP01,169,613.47,3.11,3.63,0.14,673,0,2,3,77.82,168,9,342.1,0,0,1,Winter,0.51,0.98,157,0.48,2,0.251,67,3,1,3.63,0.35,3,17,104.13,12.28
2024-02-18,S002,SKU007,Personal Care,Regular,SUP01,135,490.05,3.11,3.63,0.14,595,0,3,3,77.82,158,11,342.1,0,0,1,Spring,0.82,1.1,157,0.48,2,0.251,67,3,1,3.63,0.16,3,1,99.34,9.38
2024-02-25,S002,SKU007,Personal Care,Regular,SUP01,94,341.22,3.11,3.63,0.14,217,0,2,3,77.82,96,4,342.1,0,0,0,Summer,0.99,0.99,157,0.48,2,0.251,67,3,3,3.63,0.32,3,13,125.31,7.4
2024-03-03,S002,SKU007,Personal Care,Regular,SUP01,208,755.04,3.11,3.63,0.14,564,0,6,3,77.82,188,4,342.1,1,20,1,Autumn,0.87,1.16,157,0.48,2,0.251,67,3,4,3.63,0.42,3,2,105.77,10.78
2024-03-10,S002,SKU007,Personal Care,Regular,SUP01,144,522.72,3.11,3.63,0.14,621,0,7,3,77.82,50,0,342.1,1,0,0,Autumn,0.53,1.09,157,0.48,2,0.251,67,3,2,3.63,0.27,3,26,80.71,8.71
2024-03-17,S002,SKU007,Personal Care,Regular,SUP01,171,620.73,3.11,3.63,0.14,475,0,3,3,77.82,120,6,342.1,1,30,1,Autumn,0.82,0.9,157,0.48,2,0.251,67,3,3,3.63,0.22,3,4,119.3,14.85
2024-03-24,S002,SKU007,Personal Care,Regular,SUP01,50,181.5,3.11,3.63,0.14,411,0,5,3,77.82,102,2,342.1,0,0,0,Autumn,0.61,1.17,157,0.48,2,0.251,67,3,1,3.63,0.3,3,7,97.96,11.23
2024-01-07,S002,SKU008,Beverages,Economy,SUP01,76,405.84,3.4,5.34,0.36,445,0,3,9,83.17,132,7,639.2,0,0,1,Winter,0.82,1.09,52,0.3,1,0.148,99,1,3,5.34,0.46,9,18,113.94,9.0
2024-01-14,S002,SKU008,Beverages,Economy,SUP01,196,1046.64,3.4,5.34,0.36,555,0,7,9,83.17,159,17,639.2,1,10,0,Autumn,0.3,0.82,52,0.3,1,0.148,99,1,2,5.34,0.32,9,20,131.46,10.75
2024-01-21,S002,SKU008,Beverages,Economy,SUP01,161,859.74,3.4,5.34,0.36,684,0,3,9,83.17,88,9,639.2,1,0,1,Autumn,0.79,0.93,52,0.3,1,0.148,99,1,4,5.34,0.24,9,13,60.41,12.24
2024-01-28,S002,SKU008,Beverages,Economy,SUP01,127,678.18,3.4,5.34,0.36,535,0,9,9,83.17,168,1,639.2,1,10,1,Winter,0.85,0.92,52,0.3,1,0.148,99,1,2,5.34,0.26,9,25,99.4,8.3
2024-02-04,S002,SKU008,Beverages,Economy,SUP01,89,475.26,3.4,5.34,0.36,536,0,7,9,83.17,165,11,639.2,1,30,0,Autumn,0.24,0.88,52,0.3,1,0.148,99,1,1,5.34,0.42,9,29,112.43,8.89
2024-02-11,S002,SKU008,Beverages,Economy,SUP01,115,614.1,3.4,5.34,0.36,495,0,5,9,83.17,68,6,639.2,0,0,0,Summer,0.27,1.07,52,0.3,1,0.148,99,1,1,5.34,0.4,9,27,104.81,2.74
2024-02-18,S002,SKU008,Beverages,Economy,SUP01,228,1217.52,3.4,5.34,0.36,459,0,8,9,83.17,98,3,639.2,0,0,1,Winter,0.87,0.93,52,0.3,1,0.148,99,1,1,5.34,0.44,9,6,123.32,9.39
2024-02-25,S002,SKU008,Beverages,Economy,SUP01,144,768.96,3.4,5.34,0.36,650,0,3,9,83.17,169,17,639.2,1,10,0,Autumn,0.92,1.02,52,0.3,1,0.148,99,1,3,5.34,0.29,9,12,122.48,12.84
2024-03-03,S002,SKU008,Beverages,Economy,SUP01,139,742.26,3.4,5.34,0.36,561,0,4,9,83.17,170,10,639.2,1,20,1,Spring,0.51,1.0,52,0.3,1,0.148,99,1,1,5.34,0.48,9,25,119.06,11.54
2024-03-10,S002,SKU008,Beverages,Economy,SUP01,149,795.66,3.4,5.34,0.36,577,0,8,9,83.17,87,0,639.2,0,0,1,Spring,0.41,1.03,52,0.3,1,0.148,99,1,2,5.34,0.3,9,23,96.74,7.77
2024-03-17,S002,SKU008,Beverages,Economy,SUP01,142,758.28,3.4,5.34,0.36,478,0,4,9,83.17,190,20,639.2,1,30,1,Winter,0.2,0.89,52,0.3,1,0.148,99,1,2,5.34,0.48,9,15,62.13,10.64
2024-03-24,S002,SKU008,Beverages,Economy,SUP01,170,907.8,3.4,5.34,0.36,377,0,3,9,83.17,85,17,639.2,1,20,1,Autumn,0.46,1.09,52,0.3,1,0.148,99,1,3,5.34,0.26,9,5,80.04,7.71
2024-01-07,S002,SKU009,Dairy,Premium,SUP01,154,1016.4,3.91,6.6,0.41,405,0,8,3,82.37,174,0,426.19,0,0,1,Spring,0.06,1.06,54,0.86,1,0.081,59,1,4,6.6,0.24,3,21,82.91,11.01
2024-01-14,S002,SKU009,Dairy,Premium,SUP01,120,792.0,3.91,6.6,0.41,650,0,5,3,82.37,178,13,426.19,0,0,1,Summer,0.02,1.09,54,0.86,1,0.081,59,1,3,6.6,0.39,3,0,109.53,11.52
2024-01-21,S002,SKU009,Dairy,Premium,SUP01,142,937.2,3.91,6.6,0.41,913,0,4,3,82.37,140,8,426.19,0,0,0,Summer,0.52,0.9,54,0.86,1,0.081,59,1,3,6.6,0.15,3,26,89.52,10.46
2024-01-28,S002,SKU009,Dairy,Premium,SUP01,137,904.2,3.91,6.6,0.41,668,0,0,3,82.37,70,20,426.19,1,0,1,Autumn,0.46,0.9,54,0.86,1,0.081,59,1,2,6.6,0.3,3,9,93.44,10.47
2024-02-04,S002,SKU009,Dairy,Premium,SUP01,133,877.8,3.91,6.6,0.41,369,0,3,3,82.37,52,5,426.19,0,0,0,Autumn,0.38,1.02,54,0.86,1,0.081,59,1,1,6.6,0.44,3,20,120.55,8.01
2024-02-11,S002,SKU009,Dairy,Premium,SUP01,113,745.8,3.91,6.6,0.41,641,0,6,3,82.37,185,1,426.19,0,0,1,Autumn,0.64,0.93,54,0.86,1,0.081,59,1,1,6.6,0.35,3,28,110.44,7.55
2024-02-18,S002,SKU009,Dairy,Premium,SUP01,107,706.2,3.91,6.6,0.41,510,0,7,3,82.37,189,18,426.19,0,0,0,Autumn,0.27,1.17,54,0.86,1,0.081,59,1,3,6.6,0.24,3,28,100.01,11.8
2024-02-25,S002,SKU009,Dairy,Premium,SUP01,42,277.2,3.91,6.6,0.41,155,0,3,3,82.37,151,2,426.19,0,0,0,Spring,0.02,0.88,54,0.86,1,0.081,59,1,2,6.6,0.41,3,24,124.7,9.04
2024-03-03,S002,SKU009,Dairy,Premium,SUP01,134,884.4,3.91,6.6,0.41,572,0,7,3,82.37,85,2,426.19,1,10,0,Autumn,0.68,1.02,54,0.86,1,0.081,59,1,4,6.6,0.36,3,24,82.61,13.38
2024-03-10,S002,SKU009,Dairy,Premium,SUP01,102,673.2,3.91,6.6,0.41,746,0,5,3,82.37,133,0,426.19,1,0,0,Autumn,0.23,0.83,54,0.86,1,0.081,59,1,4,6.6,0.14,3,24,65.12,10.36
2024-03-17,S002,SKU009,Dairy,Premium,SUP01,108,712.8,3.91,6.6,0.41,329,0,1,3,82.37,199,12,426.19,1,30,1,Winter,0.36,1.18,54,0.86,1,0.081,59,1,4,6.6,0.27,3,5,48.75,9.43
2024-03-24,S002,SKU009,Dairy,Premium,SUP01,216,1425.6,3.91,6.6,0.41,617,0,1,3,82.37,89,12,426.19,0,0,1,Winter,0.71,0.83,54,0.86,1,0.081,59,1,2,6.6,0.49,3,12,140.36,10.65
2024-01-07,S002,SKU010,Household,Regular,SUP01,192,368.64,1.09,1.92,0.43,391,0,4,4,73.98,148,0,105.73,1,0,0,Summer,0.35,0.84,168,0.39,4,0.244,85,5,3,1.92,0.41,4,27,95.25,10.58
2024-01-14,S002,SKU010,Household,Regular,SUP01,209,401.28,1.09,1.92,0.43,388,0,3,4,73.98,183,5,105.73,1,30,1,Summer,0.72,1.02,168,0.39,4,0.244,85,5,2,1.92,0.22,4,18,103.3,10.15
2024-01-21,S002,SKU010,Household,Regular,SUP01,156,299.52,1.09,1.92,0.43,536,0,4,4,73.98,161,8,105.73,1,10,0,Spring,0.3,1.0,168,0.39,4,0.244,85,5,1,1.92,0.19,4,5,97.93,5.07
2024-01-28,S002,SKU010,Household,Regular,SUP01,162,311.04,1.09,1.92,0.43,749,0,7,4,73.98,100,14,105.73,1,20,1,Summer,0.36,1.18,168,0.39,4,0.244,85,5,4,1.92,0.25,4,19,86.76,8.21
2024-02-04,S002,SKU010,Household,Regular,SUP01,113,216.96,1.09,1.92,0.43,350,0,7,4,73.98,134,14,105.73,0,0,0,Spring,0.01,0.96,168,0.39,4,0.244,85,5,4,1.92,0.24,4,25,95.32,11.4
2024-02-11,S002,SKU010,Household,Regular,SUP01,189,362.88,1.09,1.92,0.43,488,0,2,4,73.98,130,5,105.73,1,30,0,Spring,0.32,1.18,168,0.39,4,0.244,85,5,2,1.92,0.1,4,15,83.3,16.27
2024-02-18,S002,SKU010,Household,Regular,SUP01,105,201.6,1.09,1.92,0.43,527,0,4,4,73.98,121,12,105.73,1,20,1,Autumn,0.97,1.11,168,0.39,4,0.244,85,5,3,1.92,0.28,4,12,55.76,14.6
2024-02-25,S002,SKU010,Household,Regular,SUP01,93,178.56,1.09,1.92,0.43,460,0,6,4,73.98,103,14,105.73,1,0,0,Winter,0.68,1.02,168,0.39,4,0.244,85,5,4,1.92,0.18,4,30,68.04,11.39
2024-03-03,S002,SKU010,Household,Regular,SUP01,250,480.0,1.09,1.92,0.43,295,0,4,4,73.98,89,13,105.73,1,0,1,Autumn,0.14,0.92,168,0.39,4,0.244,85,5,3,1.92,0.46,4,21,108.52,10.06
2024-03-10,S002,SKU010,Household,Regular,SUP01,144,276.48,1.09,1.92,0.43,573,0,5,4,73.98,59,11,105.73,1,0,1,Autumn,0.58,1.01,168,0.39,4,0.244,85,5,4,1.92,0.33,4,17,99.87,14.69
2024-03-17,S002,SKU010,Household,Regular,SUP01,124,238.08,1.09,1.92,0.43,468,0,5,4,73.98,152,10,105.73,0,0,0,Winter,0.66,0.94,168,0.39,4,0.244,85,5,1,1.92,0.14,4,18,91.27,9.8
2024-03-24,S002,SKU010,Household,Regular,SUP01,233,447.36,1.09,1.92,0.43,462,0,5,4,73.98,145,12,105.73,1,0,0,Summer,0.26,1.0,168,0.39,4,0.244,85,5,2,1.92,0.4,4,14,73.12,5.19
